Top pages,Clicks,Impressions,CTR,Position
https://seo-kings.co.uk/,51,4474,1.14%,32.78
https://seo-kings.co.uk/areas/keynsham,39,1264,3.09%,16.34
https://seo-kings.co.uk/web-design,23,1786,1.29%,34.3
https://seo-kings.co.uk/areas/bath,19,3502,0.54%,68.89
https://seo-kings.co.uk/blog/website-design-keynsham,17,688,2.47%,14.99
https://seo-kings.co.uk/areas/midsomer-norton,12,502,2.39%,34.87
https://seo-kings.co.uk/about,7,2197,0.32%,66.07
https://seo-kings.co.uk/areas/radstock,5,406,1.23%,22.28
https://seo-kings.co.uk/blog/website-design-bitton-keynsham,4,194,2.06%,9.97
https://seo-kings.co.uk/areas/peasedown-st-john,3,94,3.19%,28.26
https://seo-kings.co.uk/local-seo,2,308,0.65%,26.49
https://seo-kings.co.uk/areas/saltford,2,163,1.23%,16.88
https://seo-kings.co.uk/case-studies,1,432,0.23%,59.71
https://seo-kings.co.uk/web-design-packages,1,352,0.28%,24.63
https://seo-kings.co.uk/areas/bitton-keynsham,1,148,0.68%,18.64
https://seo-kings.co.uk/blog/beautiful-websites-that-rank,1,141,0.71%,6.77
https://seo-kings.co.uk/blog/why-speed-matters-for-seo,1,117,0.85%,9.97
https://seo-kings.co.uk/blog/new-decorating-website-bath,1,90,1.11%,46.33
https://seo-kings.co.uk/areas/batheaston-bath,1,74,1.35%,73.39
https://seo-kings.co.uk/website-designer-near-me,1,54,1.85%,39.7
https://seo-kings.co.uk/areas/bathampton-bath,1,52,1.92%,14.96
https://seo-kings.co.uk/areas/paulton,1,44,2.27%,11.61
https://seo-kings.co.uk/areas/widcombe-bath,1,20,5%,24.55
https://seo-kings.co.uk/areas/southdown-bath,1,13,7.69%,27.23
https://seo-kings.co.uk/blog/website-design-somer-valley,1,9,11.11%,10.56
https://seo-kings.co.uk/blog/website-design-bath,0,564,0%,71.94
https://seo-kings.co.uk/blog/what-is-local-seo-bath,0,403,0%,32.87
https://seo-kings.co.uk/areas,0,275,0%,33.45
https://seo-kings.co.uk/contact,0,259,0%,61.68
https://seo-kings.co.uk/how-we-are-different,0,235,0%,52.24
https://seo-kings.co.uk/blog,0,217,0%,10.25
https://seo-kings.co.uk/google-business-profile,0,187,0%,12.7
https://seo-kings.co.uk/case-studies/peachy-cleans,0,173,0%,18.61
https://seo-kings.co.uk/blog/how-we-build-websites-keynsham,0,159,0%,9.59
https://seo-kings.co.uk/areas/hanham-keynsham,0,126,0%,31.53
https://seo-kings.co.uk/blog/keynsham-farmers-market-2026,0,121,0%,8.31
https://seo-kings.co.uk/areas/westfield,0,117,0%,29.51
https://seo-kings.co.uk/blog/keynsham-gbp-keyword-research,0,106,0%,5.12
https://seo-kings.co.uk/areas/clutton,0,86,0%,24.34
https://seo-kings.co.uk/areas/warmley-keynsham,0,76,0%,10.75
https://seo-kings.co.uk/areas/larkhall-bath,0,73,0%,80.58
https://seo-kings.co.uk/areas/oldland-keynsham,0,68,0%,16.12
https://seo-kings.co.uk/areas/bathford-bath,0,67,0%,28.64
https://seo-kings.co.uk/areas/timsbury,0,63,0%,21.37
https://seo-kings.co.uk/blog/get-found-on-google-keynsham,0,52,0%,17.88
https://seo-kings.co.uk/blog/one-page-website-bath-banes,0,48,0%,12.5
https://seo-kings.co.uk/areas/combe-down-bath,0,48,0%,25.31
https://seo-kings.co.uk/areas/chew-magna,0,45,0%,33.09
https://seo-kings.co.uk/blog/keynsham-trades-losing-jobs-google,0,43,0%,8.28
https://seo-kings.co.uk/blog/google-business-profile-for-trades,0,41,0%,44.51
https://seo-kings.co.uk/local-seo/roofers,0,35,0%,41.31
https://seo-kings.co.uk/case-studies/new-decorating,0,30,0%,41.53
https://seo-kings.co.uk/areas/longwell-green-keynsham,0,29,0%,44.41
https://seo-kings.co.uk/areas/chew-stoke-chew-magna,0,28,0%,10.68
https://seo-kings.co.uk/areas/odd-down-bath,0,27,0%,33.22
https://seo-kings.co.uk/local-seo/plumbers,0,24,0%,36.79
https://seo-kings.co.uk/blog/gbp-trades-losing-customers,0,22,0%,8.68
https://seo-kings.co.uk/areas/chilcompton-radstock,0,22,0%,36.86
https://seo-kings.co.uk/privacy,0,21,0%,11.33
https://seo-kings.co.uk/areas/bathwick-bath,0,19,0%,12.26
https://seo-kings.co.uk/areas/temple-cloud,0,19,0%,13.05
https://seo-kings.co.uk/areas/bear-flat-bath,0,14,0%,16.64
https://seo-kings.co.uk/areas/farrington-gurney-midsomer-norton,0,14,0%,18.5
https://seo-kings.co.uk/blog/how-we-get-you-number-one-google-maps,0,13,0%,7.77
https://seo-kings.co.uk/areas/clandon-midsomer-norton,0,13,0%,58.46
https://seo-kings.co.uk/blog/website-design-trowbridge,0,12,0%,8.42
https://seo-kings.co.uk/blog/seo-for-plumbers-bath,0,12,0%,15.67
https://seo-kings.co.uk/blog/website-design-peasedown-st-john,0,12,0%,22.67
https://seo-kings.co.uk/local-seo/electricians,0,11,0%,9.91
https://seo-kings.co.uk/contact?package=professional,0,10,0%,22
https://seo-kings.co.uk/blog/get-more-google-reviews-bath,0,8,0%,4.25
https://seo-kings.co.uk/terms,0,8,0%,19.75
https://seo-kings.co.uk/contact?package=starter,0,7,0%,19.29
https://seo-kings.co.uk/areas/high-littleton-paulton,0,7,0%,20.29
https://seo-kings.co.uk/areas/oldfield-park-bath,0,6,0%,16.83
https://seo-kings.co.uk/case-studies/saltford-garden-centre,0,6,0%,19
https://seo-kings.co.uk/areas/twerton-bath,0,5,0%,28.8
https://seo-kings.co.uk/areas/weston-bath,0,4,0%,10.5
https://seo-kings.co.uk/blog/local-seo-bath,0,3,0%,4.33
https://seo-kings.co.uk/areas/bishop-sutton-chew-magna,0,2,0%,19
https://seo-kings.co.uk/areas/stanton-drew-chew-magna,0,2,0%,22.5
https://seo-kings.co.uk/contact?package=full,0,2,0%,31
https://seo-kings.co.uk/areas/walcot-bath,0,2,0%,57
https://seo-kings.co.uk/areas/hallatrow-paulton,0,1,0%,19